category_salary,efficiency_score_mean,working_hours_mean,salary_mean,salary_max,salary_mean
Low,7143.938056070826,0.21111111111111117,0.12153846153846155,0.2615384615384616,0.12153846153846155
Medium,1.2594781801369652,0.5555555555555555,0.49846153846153846,0.6153846153846153,0.49846153846153846
High,1.0468238398589815,0.8666666666666666,0.7938461538461539,0.9999999999999999,0.7938461538461539
