customer_segment,n_customers,age_mean,income_mean,spending_score_mean,visits_mean,avg_transaction_value_mean,spending_efficiency_mean,loyalty_score_mean,engagement_index_mean
High-Value,7,0.17647058823529413,0.09076984126984126,0.8959183673469387,0.8461538461538461,0.06638041081582917,0.7583987441130298,0.888888888888889,0.8424665439590813
Low-Value,13,0.7217194570135747,0.6994978632478633,0.3263736263736264,0.21301775147928995,0.6630631756545647,0.0775993237531699,0.472934472934473,0.25567538158429853
Medium-Value,15,0.4431372549019608,0.26222222222222225,0.5971428571428572,0.5641025641025641,0.22940698619008934,0.3304761904761905,0.8481481481481481,0.5858414480305029
