cluster,recency_scaled,frequency_scaled,monetary_scaled
0,0.7275362318840579,0.05333333333333334,0.0998899449724862
1,0.2107023411371237,0.04615384615384616,0.04158232962635159
2,0.1684782608695652,0.9000000000000001,0.168384192096048
