payment_method,total_revenue,n_transactions,revenue_share
cash,305000,7,0.39405684754521964
credit,78000,3,0.10077519379844961
debit,210000,5,0.2713178294573643
qris,181000,5,0.23385012919896642
