kategori,total_sales,avg_laba,total_jumlah
Makanan,557000.0,37133.333333333336,0.9572649572649574
Minuman,3467593.75,86633.48214285714,6.538461538461539
